test_id,node,test_category,test_description,test,result,failure_reason
1,borderleaf1,NTP,Synchronised with NTP server,NTP,PASS,
2,borderleaf2,NTP,Synchronised with NTP server,NTP,PASS,
3,leaf1,NTP,Synchronised with NTP server,NTP,PASS,
4,leaf2,NTP,Synchronised with NTP server,NTP,PASS,
5,leaf3,NTP,Synchronised with NTP server,NTP,PASS,
6,leaf4,NTP,Synchronised with NTP server,NTP,PASS,
7,spine1,NTP,Synchronised with NTP server,NTP,PASS,
8,spine2,NTP,Synchronised with NTP server,NTP,PASS,
9,spine3,NTP,Synchronised with NTP server,NTP,PASS,
10,borderleaf1,Interface State,Ethernet Interface & Line Protocol == "up",Ethernet1 - MLAG_PEER_borderleaf2_Ethernet1,PASS,
11,borderleaf1,Interface State,Ethernet Interface & Line Protocol == "up",Ethernet2 - MLAG_PEER_borderleaf2_Ethernet2,PASS,
12,borderleaf1,Interface State,Ethernet Interface & Line Protocol == "up",Ethernet3 - P2P_LINK_TO_SPINE1_Ethernet6,PASS,
13,borderleaf1,Interface State,Ethernet Interface & Line Protocol == "up",Ethernet4 - P2P_LINK_TO_SPINE2_Ethernet6,PASS,
14,borderleaf1,Interface State,Ethernet Interface & Line Protocol == "up",Ethernet5 - P2P_LINK_TO_SPINE3_Ethernet6,PASS,
15,borderleaf2,Interface State,Ethernet Interface & Line Protocol == "up",Ethernet1 - MLAG_PEER_borderleaf1_Ethernet1,PASS,
16,borderleaf2,Interface State,Ethernet Interface & Line Protocol == "up",Ethernet2 - MLAG_PEER_borderleaf1_Ethernet2,PASS,
17,borderleaf2,Interface State,Ethernet Interface & Line Protocol == "up",Ethernet3 - P2P_LINK_TO_SPINE1_Ethernet7,PASS,
18,borderleaf2,Interface State,Ethernet Interface & Line Protocol == "up",Ethernet4 - P2P_LINK_TO_SPINE2_Ethernet7,PASS,
19,borderleaf2,Interface State,Ethernet Interface & Line Protocol == "up",Ethernet5 - P2P_LINK_TO_SPINE3_Ethernet7,PASS,
20,leaf1,Interface State,Ethernet Interface & Line Protocol == "up",Ethernet1 - MLAG_PEER_leaf2_Ethernet1,PASS,
21,leaf1,Interface State,Ethernet Interface & Line Protocol == "up",Ethernet2 - MLAG_PEER_leaf2_Ethernet2,PASS,
22,leaf1,Interface State,Ethernet Interface & Line Protocol == "up",Ethernet3 - P2P_LINK_TO_SPINE1_Ethernet2,PASS,
23,leaf1,Interface State,Ethernet Interface & Line Protocol == "up",Ethernet4 - P2P_LINK_TO_SPINE2_Ethernet2,PASS,
24,leaf1,Interface State,Ethernet Interface & Line Protocol == "up",Ethernet5 - P2P_LINK_TO_SPINE3_Ethernet2,PASS,
25,leaf1,Interface State,Ethernet Interface & Line Protocol == "up",Ethernet7 - host1_Ethernet1,PASS,
26,leaf2,Interface State,Ethernet Interface & Line Protocol == "up",Ethernet1 - MLAG_PEER_leaf1_Ethernet1,PASS,
27,leaf2,Interface State,Ethernet Interface & Line Protocol == "up",Ethernet2 - MLAG_PEER_leaf1_Ethernet2,PASS,
28,leaf2,Interface State,Ethernet Interface & Line Protocol == "up",Ethernet3 - P2P_LINK_TO_SPINE1_Ethernet3,PASS,
29,leaf2,Interface State,Ethernet Interface & Line Protocol == "up",Ethernet4 - P2P_LINK_TO_SPINE2_Ethernet3,PASS,
30,leaf2,Interface State,Ethernet Interface & Line Protocol == "up",Ethernet5 - P2P_LINK_TO_SPINE3_Ethernet3,PASS,
31,leaf2,Interface State,Ethernet Interface & Line Protocol == "up",Ethernet7 - host1_Ethernet2,PASS,
32,leaf3,Interface State,Ethernet Interface & Line Protocol == "up",Ethernet1 - MLAG_PEER_leaf4_Ethernet1,PASS,
33,leaf3,Interface State,Ethernet Interface & Line Protocol == "up",Ethernet2 - MLAG_PEER_leaf4_Ethernet2,PASS,
34,leaf3,Interface State,Ethernet Interface & Line Protocol == "up",Ethernet3 - P2P_LINK_TO_SPINE1_Ethernet4,PASS,
35,leaf3,Interface State,Ethernet Interface & Line Protocol == "up",Ethernet4 - P2P_LINK_TO_SPINE2_Ethernet4,PASS,
36,leaf3,Interface State,Ethernet Interface & Line Protocol == "up",Ethernet5 - P2P_LINK_TO_SPINE3_Ethernet4,PASS,
37,leaf3,Interface State,Ethernet Interface & Line Protocol == "up",Ethernet7 - host2_Ethernet1,PASS,
38,leaf4,Interface State,Ethernet Interface & Line Protocol == "up",Ethernet1 - MLAG_PEER_leaf3_Ethernet1,PASS,
39,leaf4,Interface State,Ethernet Interface & Line Protocol == "up",Ethernet2 - MLAG_PEER_leaf3_Ethernet2,PASS,
40,leaf4,Interface State,Ethernet Interface & Line Protocol == "up",Ethernet3 - P2P_LINK_TO_SPINE1_Ethernet5,PASS,
41,leaf4,Interface State,Ethernet Interface & Line Protocol == "up",Ethernet4 - P2P_LINK_TO_SPINE2_Ethernet5,PASS,
42,leaf4,Interface State,Ethernet Interface & Line Protocol == "up",Ethernet5 - P2P_LINK_TO_SPINE3_Ethernet5,PASS,
43,leaf4,Interface State,Ethernet Interface & Line Protocol == "up",Ethernet9 - ,PASS,
44,leaf4,Interface State,Ethernet Interface & Line Protocol == "up",Ethernet7 - host2_Ethernet2,PASS,
45,spine1,Interface State,Ethernet Interface & Line Protocol == "up",Ethernet2 - P2P_LINK_TO_LEAF1_Ethernet3,PASS,
46,spine1,Interface State,Ethernet Interface & Line Protocol == "up",Ethernet3 - P2P_LINK_TO_LEAF2_Ethernet3,PASS,
47,spine1,Interface State,Ethernet Interface & Line Protocol == "up",Ethernet4 - P2P_LINK_TO_LEAF3_Ethernet3,PASS,
48,spine1,Interface State,Ethernet Interface & Line Protocol == "up",Ethernet5 - P2P_LINK_TO_LEAF4_Ethernet3,PASS,
49,spine1,Interface State,Ethernet Interface & Line Protocol == "up",Ethernet6 - P2P_LINK_TO_BORDERLEAF1_Ethernet3,PASS,
50,spine1,Interface State,Ethernet Interface & Line Protocol == "up",Ethernet7 - P2P_LINK_TO_BORDERLEAF2_Ethernet3,PASS,
51,spine2,Interface State,Ethernet Interface & Line Protocol == "up",Ethernet2 - P2P_LINK_TO_LEAF1_Ethernet4,PASS,
52,spine2,Interface State,Ethernet Interface & Line Protocol == "up",Ethernet3 - P2P_LINK_TO_LEAF2_Ethernet4,PASS,
53,spine2,Interface State,Ethernet Interface & Line Protocol == "up",Ethernet4 - P2P_LINK_TO_LEAF3_Ethernet4,PASS,
54,spine2,Interface State,Ethernet Interface & Line Protocol == "up",Ethernet5 - P2P_LINK_TO_LEAF4_Ethernet4,PASS,
55,spine2,Interface State,Ethernet Interface & Line Protocol == "up",Ethernet6 - P2P_LINK_TO_BORDERLEAF1_Ethernet4,PASS,
56,spine2,Interface State,Ethernet Interface & Line Protocol == "up",Ethernet7 - P2P_LINK_TO_BORDERLEAF2_Ethernet4,PASS,
57,spine3,Interface State,Ethernet Interface & Line Protocol == "up",Ethernet2 - P2P_LINK_TO_LEAF1_Ethernet5,PASS,
58,spine3,Interface State,Ethernet Interface & Line Protocol == "up",Ethernet3 - P2P_LINK_TO_LEAF2_Ethernet5,PASS,
59,spine3,Interface State,Ethernet Interface & Line Protocol == "up",Ethernet4 - P2P_LINK_TO_LEAF3_Ethernet5,PASS,
60,spine3,Interface State,Ethernet Interface & Line Protocol == "up",Ethernet5 - P2P_LINK_TO_LEAF4_Ethernet5,PASS,
61,spine3,Interface State,Ethernet Interface & Line Protocol == "up",Ethernet6 - P2P_LINK_TO_BORDERLEAF1_Ethernet5,PASS,
62,spine3,Interface State,Ethernet Interface & Line Protocol == "up",Ethernet7 - P2P_LINK_TO_BORDERLEAF2_Ethernet5,PASS,
63,borderleaf1,Interface State,Port-Channel Interface & Line Protocol == "up",Port-Channel1 - MLAG_PEER_borderleaf2_Po1,PASS,
64,borderleaf2,Interface State,Port-Channel Interface & Line Protocol == "up",Port-Channel1 - MLAG_PEER_borderleaf1_Po1,PASS,
65,leaf1,Interface State,Port-Channel Interface & Line Protocol == "up",Port-Channel1 - MLAG_PEER_leaf2_Po1,PASS,
66,leaf1,Interface State,Port-Channel Interface & Line Protocol == "up",Port-Channel7 - host1_PortChannel host1,FAIL,Interface shutdown: False - interface status: down - line protocol status: lowerLayerDown
67,leaf2,Interface State,Port-Channel Interface & Line Protocol == "up",Port-Channel1 - MLAG_PEER_leaf1_Po1,PASS,
68,leaf2,Interface State,Port-Channel Interface & Line Protocol == "up",Port-Channel7 - host1_PortChannel host1,FAIL,Interface shutdown: False - interface status: down - line protocol status: lowerLayerDown
69,leaf3,Interface State,Port-Channel Interface & Line Protocol == "up",Port-Channel1 - MLAG_PEER_leaf4_Po1,PASS,
70,leaf3,Interface State,Port-Channel Interface & Line Protocol == "up",Port-Channel7 - host2_PortChannel host2,FAIL,Interface shutdown: False - interface status: down - line protocol status: lowerLayerDown
71,leaf4,Interface State,Port-Channel Interface & Line Protocol == "up",Port-Channel1 - MLAG_PEER_leaf3_Po1,PASS,
72,leaf4,Interface State,Port-Channel Interface & Line Protocol == "up",Port-Channel7 - host2_PortChannel host2,FAIL,Interface shutdown: False - interface status: down - line protocol status: lowerLayerDown
73,borderleaf1,Interface State,Vlan Interface & Line Protocol == "up",Vlan4093 - MLAG_PEER_L3_PEERING,PASS,
74,borderleaf1,Interface State,Vlan Interface & Line Protocol == "up",Vlan4094 - MLAG_PEER,PASS,
75,borderleaf1,Interface State,Vlan Interface & Line Protocol == "up",Vlan10 - DMZ,PASS,
76,borderleaf1,Interface State,Vlan Interface & Line Protocol == "up",Vlan20 - Internal,PASS,
77,borderleaf1,Interface State,Vlan Interface & Line Protocol == "up",Vlan30 - Staging,PASS,
78,borderleaf1,Interface State,Vlan Interface & Line Protocol == "up",Vlan3009 - MLAG_PEER_L3_iBGP: vrf VRF_A,PASS,
79,borderleaf2,Interface State,Vlan Interface & Line Protocol == "up",Vlan4093 - MLAG_PEER_L3_PEERING,PASS,
80,borderleaf2,Interface State,Vlan Interface & Line Protocol == "up",Vlan4094 - MLAG_PEER,PASS,
81,borderleaf2,Interface State,Vlan Interface & Line Protocol == "up",Vlan10 - DMZ,PASS,
82,borderleaf2,Interface State,Vlan Interface & Line Protocol == "up",Vlan20 - Internal,PASS,
83,borderleaf2,Interface State,Vlan Interface & Line Protocol == "up",Vlan30 - Staging,PASS,
84,borderleaf2,Interface State,Vlan Interface & Line Protocol == "up",Vlan3009 - MLAG_PEER_L3_iBGP: vrf VRF_A,PASS,
85,leaf1,Interface State,Vlan Interface & Line Protocol == "up",Vlan4093 - MLAG_PEER_L3_PEERING,PASS,
86,leaf1,Interface State,Vlan Interface & Line Protocol == "up",Vlan4094 - MLAG_PEER,PASS,
87,leaf1,Interface State,Vlan Interface & Line Protocol == "up",Vlan10 - DMZ,PASS,
88,leaf1,Interface State,Vlan Interface & Line Protocol == "up",Vlan20 - Internal,PASS,
89,leaf1,Interface State,Vlan Interface & Line Protocol == "up",Vlan30 - Staging,PASS,
90,leaf1,Interface State,Vlan Interface & Line Protocol == "up",Vlan3009 - MLAG_PEER_L3_iBGP: vrf VRF_A,PASS,
91,leaf2,Interface State,Vlan Interface & Line Protocol == "up",Vlan4093 - MLAG_PEER_L3_PEERING,PASS,
92,leaf2,Interface State,Vlan Interface & Line Protocol == "up",Vlan4094 - MLAG_PEER,PASS,
93,leaf2,Interface State,Vlan Interface & Line Protocol == "up",Vlan10 - DMZ,PASS,
94,leaf2,Interface State,Vlan Interface & Line Protocol == "up",Vlan20 - Internal,PASS,
95,leaf2,Interface State,Vlan Interface & Line Protocol == "up",Vlan30 - Staging,PASS,
96,leaf2,Interface State,Vlan Interface & Line Protocol == "up",Vlan3009 - MLAG_PEER_L3_iBGP: vrf VRF_A,PASS,
97,leaf3,Interface State,Vlan Interface & Line Protocol == "up",Vlan4093 - MLAG_PEER_L3_PEERING,PASS,
98,leaf3,Interface State,Vlan Interface & Line Protocol == "up",Vlan4094 - MLAG_PEER,PASS,
99,leaf3,Interface State,Vlan Interface & Line Protocol == "up",Vlan10 - DMZ,PASS,
100,leaf3,Interface State,Vlan Interface & Line Protocol == "up",Vlan20 - Internal,PASS,
101,leaf3,Interface State,Vlan Interface & Line Protocol == "up",Vlan30 - Staging,PASS,
102,leaf3,Interface State,Vlan Interface & Line Protocol == "up",Vlan3009 - MLAG_PEER_L3_iBGP: vrf VRF_A,PASS,
103,leaf4,Interface State,Vlan Interface & Line Protocol == "up",Vlan4093 - MLAG_PEER_L3_PEERING,PASS,
104,leaf4,Interface State,Vlan Interface & Line Protocol == "up",Vlan4094 - MLAG_PEER,PASS,
105,leaf4,Interface State,Vlan Interface & Line Protocol == "up",Vlan10 - DMZ,PASS,
106,leaf4,Interface State,Vlan Interface & Line Protocol == "up",Vlan20 - Internal,PASS,
107,leaf4,Interface State,Vlan Interface & Line Protocol == "up",Vlan30 - Staging,PASS,
108,leaf4,Interface State,Vlan Interface & Line Protocol == "up",Vlan3009 - MLAG_PEER_L3_iBGP: vrf VRF_A,PASS,
109,borderleaf1,Interface State,Vxlan Interface Status & Line Protocol == "up",Vxlan1,PASS,
110,borderleaf2,Interface State,Vxlan Interface Status & Line Protocol == "up",Vxlan1,PASS,
111,leaf1,Interface State,Vxlan Interface Status & Line Protocol == "up",Vxlan1,PASS,
112,leaf2,Interface State,Vxlan Interface Status & Line Protocol == "up",Vxlan1,PASS,
113,leaf3,Interface State,Vxlan Interface Status & Line Protocol == "up",Vxlan1,PASS,
114,leaf4,Interface State,Vxlan Interface Status & Line Protocol == "up",Vxlan1,PASS,
115,borderleaf1,Interface State,Loopback Interface Status & Line Protocol == "up",Loopback0 - EVPN_Overlay_Peering,PASS,
116,borderleaf1,Interface State,Loopback Interface Status & Line Protocol == "up",Loopback1 - VTEP_VXLAN_Tunnel_Source,PASS,
117,borderleaf2,Interface State,Loopback Interface Status & Line Protocol == "up",Loopback0 - EVPN_Overlay_Peering,PASS,
118,borderleaf2,Interface State,Loopback Interface Status & Line Protocol == "up",Loopback1 - VTEP_VXLAN_Tunnel_Source,PASS,
119,leaf1,Interface State,Loopback Interface Status & Line Protocol == "up",Loopback0 - EVPN_Overlay_Peering,PASS,
120,leaf1,Interface State,Loopback Interface Status & Line Protocol == "up",Loopback1 - VTEP_VXLAN_Tunnel_Source,PASS,
121,leaf2,Interface State,Loopback Interface Status & Line Protocol == "up",Loopback0 - EVPN_Overlay_Peering,PASS,
122,leaf2,Interface State,Loopback Interface Status & Line Protocol == "up",Loopback1 - VTEP_VXLAN_Tunnel_Source,PASS,
123,leaf3,Interface State,Loopback Interface Status & Line Protocol == "up",Loopback0 - EVPN_Overlay_Peering,PASS,
124,leaf3,Interface State,Loopback Interface Status & Line Protocol == "up",Loopback1 - VTEP_VXLAN_Tunnel_Source,PASS,
125,leaf4,Interface State,Loopback Interface Status & Line Protocol == "up",Loopback0 - EVPN_Overlay_Peering,PASS,
126,leaf4,Interface State,Loopback Interface Status & Line Protocol == "up",Loopback1 - VTEP_VXLAN_Tunnel_Source,PASS,
127,spine1,Interface State,Loopback Interface Status & Line Protocol == "up",Loopback0 - EVPN_Overlay_Peering,PASS,
128,spine2,Interface State,Loopback Interface Status & Line Protocol == "up",Loopback0 - EVPN_Overlay_Peering,PASS,
129,spine3,Interface State,Loopback Interface Status & Line Protocol == "up",Loopback0 - EVPN_Overlay_Peering,PASS,
130,borderleaf1,LLDP Topology,LLDP topology - validate peer and interface,local: Ethernet1 - remote: borderleaf2_Ethernet1,PASS,
131,borderleaf1,LLDP Topology,LLDP topology - validate peer and interface,local: Ethernet2 - remote: borderleaf2_Ethernet2,PASS,
132,borderleaf1,LLDP Topology,LLDP topology - validate peer and interface,local: Ethernet3 - remote: spine1_Ethernet6,PASS,
133,borderleaf1,LLDP Topology,LLDP topology - validate peer and interface,local: Ethernet4 - remote: spine2_Ethernet6,PASS,
134,borderleaf1,LLDP Topology,LLDP topology - validate peer and interface,local: Ethernet5 - remote: spine3_Ethernet6,PASS,
135,borderleaf2,LLDP Topology,LLDP topology - validate peer and interface,local: Ethernet1 - remote: borderleaf1_Ethernet1,PASS,
136,borderleaf2,LLDP Topology,LLDP topology - validate peer and interface,local: Ethernet2 - remote: borderleaf1_Ethernet2,PASS,
137,borderleaf2,LLDP Topology,LLDP topology - validate peer and interface,local: Ethernet3 - remote: spine1_Ethernet7,PASS,
138,borderleaf2,LLDP Topology,LLDP topology - validate peer and interface,local: Ethernet4 - remote: spine2_Ethernet7,PASS,
139,borderleaf2,LLDP Topology,LLDP topology - validate peer and interface,local: Ethernet5 - remote: spine3_Ethernet7,PASS,
140,leaf1,LLDP Topology,LLDP topology - validate peer and interface,local: Ethernet1 - remote: leaf2_Ethernet1,PASS,
141,leaf1,LLDP Topology,LLDP topology - validate peer and interface,local: Ethernet2 - remote: leaf2_Ethernet2,PASS,
142,leaf1,LLDP Topology,LLDP topology - validate peer and interface,local: Ethernet3 - remote: spine1_Ethernet2,PASS,
143,leaf1,LLDP Topology,LLDP topology - validate peer and interface,local: Ethernet4 - remote: spine2_Ethernet2,PASS,
144,leaf1,LLDP Topology,LLDP topology - validate peer and interface,local: Ethernet5 - remote: spine3_Ethernet2,PASS,
145,leaf2,LLDP Topology,LLDP topology - validate peer and interface,local: Ethernet1 - remote: leaf1_Ethernet1,PASS,
146,leaf2,LLDP Topology,LLDP topology - validate peer and interface,local: Ethernet2 - remote: leaf1_Ethernet2,PASS,
147,leaf2,LLDP Topology,LLDP topology - validate peer and interface,local: Ethernet3 - remote: spine1_Ethernet3,PASS,
148,leaf2,LLDP Topology,LLDP topology - validate peer and interface,local: Ethernet4 - remote: spine2_Ethernet3,PASS,
149,leaf2,LLDP Topology,LLDP topology - validate peer and interface,local: Ethernet5 - remote: spine3_Ethernet3,PASS,
150,leaf3,LLDP Topology,LLDP topology - validate peer and interface,local: Ethernet1 - remote: leaf4_Ethernet1,PASS,
151,leaf3,LLDP Topology,LLDP topology - validate peer and interface,local: Ethernet2 - remote: leaf4_Ethernet2,PASS,
152,leaf3,LLDP Topology,LLDP topology - validate peer and interface,local: Ethernet3 - remote: spine1_Ethernet4,PASS,
153,leaf3,LLDP Topology,LLDP topology - validate peer and interface,local: Ethernet4 - remote: spine2_Ethernet4,PASS,
154,leaf3,LLDP Topology,LLDP topology - validate peer and interface,local: Ethernet5 - remote: spine3_Ethernet4,PASS,
155,leaf4,LLDP Topology,LLDP topology - validate peer and interface,local: Ethernet1 - remote: leaf3_Ethernet1,PASS,
156,leaf4,LLDP Topology,LLDP topology - validate peer and interface,local: Ethernet2 - remote: leaf3_Ethernet2,PASS,
157,leaf4,LLDP Topology,LLDP topology - validate peer and interface,local: Ethernet3 - remote: spine1_Ethernet5,PASS,
158,leaf4,LLDP Topology,LLDP topology - validate peer and interface,local: Ethernet4 - remote: spine2_Ethernet5,PASS,
159,leaf4,LLDP Topology,LLDP topology - validate peer and interface,local: Ethernet5 - remote: spine3_Ethernet5,PASS,
160,spine1,LLDP Topology,LLDP topology - validate peer and interface,local: Ethernet2 - remote: leaf1_Ethernet3,PASS,
161,spine1,LLDP Topology,LLDP topology - validate peer and interface,local: Ethernet3 - remote: leaf2_Ethernet3,PASS,
162,spine1,LLDP Topology,LLDP topology - validate peer and interface,local: Ethernet4 - remote: leaf3_Ethernet3,PASS,
163,spine1,LLDP Topology,LLDP topology - validate peer and interface,local: Ethernet5 - remote: leaf4_Ethernet3,PASS,
164,spine1,LLDP Topology,LLDP topology - validate peer and interface,local: Ethernet6 - remote: borderleaf1_Ethernet3,PASS,
165,spine1,LLDP Topology,LLDP topology - validate peer and interface,local: Ethernet7 - remote: borderleaf2_Ethernet3,PASS,
166,spine2,LLDP Topology,LLDP topology - validate peer and interface,local: Ethernet2 - remote: leaf1_Ethernet4,PASS,
167,spine2,LLDP Topology,LLDP topology - validate peer and interface,local: Ethernet3 - remote: leaf2_Ethernet4,PASS,
168,spine2,LLDP Topology,LLDP topology - validate peer and interface,local: Ethernet4 - remote: leaf3_Ethernet4,PASS,
169,spine2,LLDP Topology,LLDP topology - validate peer and interface,local: Ethernet5 - remote: leaf4_Ethernet4,PASS,
170,spine2,LLDP Topology,LLDP topology - validate peer and interface,local: Ethernet6 - remote: borderleaf1_Ethernet4,PASS,
171,spine2,LLDP Topology,LLDP topology - validate peer and interface,local: Ethernet7 - remote: borderleaf2_Ethernet4,PASS,
172,spine3,LLDP Topology,LLDP topology - validate peer and interface,local: Ethernet2 - remote: leaf1_Ethernet5,PASS,
173,spine3,LLDP Topology,LLDP topology - validate peer and interface,local: Ethernet3 - remote: leaf2_Ethernet5,PASS,
174,spine3,LLDP Topology,LLDP topology - validate peer and interface,local: Ethernet4 - remote: leaf3_Ethernet5,PASS,
175,spine3,LLDP Topology,LLDP topology - validate peer and interface,local: Ethernet5 - remote: leaf4_Ethernet5,PASS,
176,spine3,LLDP Topology,LLDP topology - validate peer and interface,local: Ethernet6 - remote: borderleaf1_Ethernet5,PASS,
177,spine3,LLDP Topology,LLDP topology - validate peer and interface,local: Ethernet7 - remote: borderleaf2_Ethernet5,PASS,
178,borderleaf1,MLAG,MLAG State active & Status connected,MLAG,PASS,
179,borderleaf2,MLAG,MLAG State active & Status connected,MLAG,PASS,
180,leaf1,MLAG,MLAG State active & Status connected,MLAG,PASS,
181,leaf2,MLAG,MLAG State active & Status connected,MLAG,PASS,
182,leaf3,MLAG,MLAG State active & Status connected,MLAG,PASS,
183,leaf4,MLAG,MLAG State active & Status connected,MLAG,PASS,
184,borderleaf1,IP Reachability,ip reachability test p2p links,Source: borderleaf1_Ethernet3 - Destination: spine1_Ethernet6,PASS,
185,borderleaf1,IP Reachability,ip reachability test p2p links,Source: borderleaf1_Ethernet4 - Destination: spine2_Ethernet6,PASS,
186,borderleaf1,IP Reachability,ip reachability test p2p links,Source: borderleaf1_Ethernet5 - Destination: spine3_Ethernet6,PASS,
187,borderleaf2,IP Reachability,ip reachability test p2p links,Source: borderleaf2_Ethernet3 - Destination: spine1_Ethernet7,PASS,
188,borderleaf2,IP Reachability,ip reachability test p2p links,Source: borderleaf2_Ethernet4 - Destination: spine2_Ethernet7,PASS,
189,borderleaf2,IP Reachability,ip reachability test p2p links,Source: borderleaf2_Ethernet5 - Destination: spine3_Ethernet7,PASS,
190,leaf1,IP Reachability,ip reachability test p2p links,Source: leaf1_Ethernet3 - Destination: spine1_Ethernet2,PASS,
191,leaf1,IP Reachability,ip reachability test p2p links,Source: leaf1_Ethernet4 - Destination: spine2_Ethernet2,PASS,
192,leaf1,IP Reachability,ip reachability test p2p links,Source: leaf1_Ethernet5 - Destination: spine3_Ethernet2,PASS,
193,leaf2,IP Reachability,ip reachability test p2p links,Source: leaf2_Ethernet3 - Destination: spine1_Ethernet3,PASS,
194,leaf2,IP Reachability,ip reachability test p2p links,Source: leaf2_Ethernet4 - Destination: spine2_Ethernet3,PASS,
195,leaf2,IP Reachability,ip reachability test p2p links,Source: leaf2_Ethernet5 - Destination: spine3_Ethernet3,PASS,
196,leaf3,IP Reachability,ip reachability test p2p links,Source: leaf3_Ethernet3 - Destination: spine1_Ethernet4,PASS,
197,leaf3,IP Reachability,ip reachability test p2p links,Source: leaf3_Ethernet4 - Destination: spine2_Ethernet4,PASS,
198,leaf3,IP Reachability,ip reachability test p2p links,Source: leaf3_Ethernet5 - Destination: spine3_Ethernet4,PASS,
199,leaf4,IP Reachability,ip reachability test p2p links,Source: leaf4_Ethernet3 - Destination: spine1_Ethernet5,PASS,
200,leaf4,IP Reachability,ip reachability test p2p links,Source: leaf4_Ethernet4 - Destination: spine2_Ethernet5,PASS,
201,leaf4,IP Reachability,ip reachability test p2p links,Source: leaf4_Ethernet5 - Destination: spine3_Ethernet5,PASS,
202,spine1,IP Reachability,ip reachability test p2p links,Source: spine1_Ethernet2 - Destination: leaf1_Ethernet3,PASS,
203,spine1,IP Reachability,ip reachability test p2p links,Source: spine1_Ethernet3 - Destination: leaf2_Ethernet3,PASS,
204,spine1,IP Reachability,ip reachability test p2p links,Source: spine1_Ethernet4 - Destination: leaf3_Ethernet3,PASS,
205,spine1,IP Reachability,ip reachability test p2p links,Source: spine1_Ethernet5 - Destination: leaf4_Ethernet3,PASS,
206,spine1,IP Reachability,ip reachability test p2p links,Source: spine1_Ethernet6 - Destination: borderleaf1_Ethernet3,PASS,
207,spine1,IP Reachability,ip reachability test p2p links,Source: spine1_Ethernet7 - Destination: borderleaf2_Ethernet3,PASS,
208,spine2,IP Reachability,ip reachability test p2p links,Source: spine2_Ethernet2 - Destination: leaf1_Ethernet4,PASS,
209,spine2,IP Reachability,ip reachability test p2p links,Source: spine2_Ethernet3 - Destination: leaf2_Ethernet4,PASS,
210,spine2,IP Reachability,ip reachability test p2p links,Source: spine2_Ethernet4 - Destination: leaf3_Ethernet4,PASS,
211,spine2,IP Reachability,ip reachability test p2p links,Source: spine2_Ethernet5 - Destination: leaf4_Ethernet4,PASS,
212,spine2,IP Reachability,ip reachability test p2p links,Source: spine2_Ethernet6 - Destination: borderleaf1_Ethernet4,PASS,
213,spine2,IP Reachability,ip reachability test p2p links,Source: spine2_Ethernet7 - Destination: borderleaf2_Ethernet4,PASS,
214,spine3,IP Reachability,ip reachability test p2p links,Source: spine3_Ethernet2 - Destination: leaf1_Ethernet5,PASS,
215,spine3,IP Reachability,ip reachability test p2p links,Source: spine3_Ethernet3 - Destination: leaf2_Ethernet5,PASS,
216,spine3,IP Reachability,ip reachability test p2p links,Source: spine3_Ethernet4 - Destination: leaf3_Ethernet5,PASS,
217,spine3,IP Reachability,ip reachability test p2p links,Source: spine3_Ethernet5 - Destination: leaf4_Ethernet5,PASS,
218,spine3,IP Reachability,ip reachability test p2p links,Source: spine3_Ethernet6 - Destination: borderleaf1_Ethernet5,PASS,
219,spine3,IP Reachability,ip reachability test p2p links,Source: spine3_Ethernet7 - Destination: borderleaf2_Ethernet5,PASS,
220,borderleaf1,BGP,ArBGP is configured and operating,ArBGP,PASS,
221,borderleaf2,BGP,ArBGP is configured and operating,ArBGP,PASS,
222,leaf1,BGP,ArBGP is configured and operating,ArBGP,PASS,
223,leaf2,BGP,ArBGP is configured and operating,ArBGP,PASS,
224,leaf3,BGP,ArBGP is configured and operating,ArBGP,PASS,
225,leaf4,BGP,ArBGP is configured and operating,ArBGP,PASS,
226,spine1,BGP,ArBGP is configured and operating,ArBGP,PASS,
227,spine2,BGP,ArBGP is configured and operating,ArBGP,PASS,
228,spine3,BGP,ArBGP is configured and operating,ArBGP,PASS,
229,borderleaf1,BGP,ip bgp peer state established (ipv4),bgp_neighbor: 10.255.251.9,PASS,
230,borderleaf1,BGP,ip bgp peer state established (ipv4),bgp_neighbor: 192.168.103.24,PASS,
231,borderleaf1,BGP,ip bgp peer state established (ipv4),bgp_neighbor: 192.168.103.26,PASS,
232,borderleaf1,BGP,ip bgp peer state established (ipv4),bgp_neighbor: 192.168.103.28,PASS,
233,borderleaf2,BGP,ip bgp peer state established (ipv4),bgp_neighbor: 10.255.251.8,PASS,
234,borderleaf2,BGP,ip bgp peer state established (ipv4),bgp_neighbor: 192.168.103.30,PASS,
235,borderleaf2,BGP,ip bgp peer state established (ipv4),bgp_neighbor: 192.168.103.32,PASS,
236,borderleaf2,BGP,ip bgp peer state established (ipv4),bgp_neighbor: 192.168.103.34,PASS,
237,leaf1,BGP,ip bgp peer state established (ipv4),bgp_neighbor: 10.255.251.1,PASS,
238,leaf1,BGP,ip bgp peer state established (ipv4),bgp_neighbor: 192.168.103.0,PASS,
239,leaf1,BGP,ip bgp peer state established (ipv4),bgp_neighbor: 192.168.103.2,PASS,
240,leaf1,BGP,ip bgp peer state established (ipv4),bgp_neighbor: 192.168.103.4,PASS,
241,leaf2,BGP,ip bgp peer state established (ipv4),bgp_neighbor: 10.255.251.0,PASS,
242,leaf2,BGP,ip bgp peer state established (ipv4),bgp_neighbor: 192.168.103.6,PASS,
243,leaf2,BGP,ip bgp peer state established (ipv4),bgp_neighbor: 192.168.103.8,PASS,
244,leaf2,BGP,ip bgp peer state established (ipv4),bgp_neighbor: 192.168.103.10,PASS,
245,leaf3,BGP,ip bgp peer state established (ipv4),bgp_neighbor: 10.255.251.5,PASS,
246,leaf3,BGP,ip bgp peer state established (ipv4),bgp_neighbor: 192.168.103.12,PASS,
247,leaf3,BGP,ip bgp peer state established (ipv4),bgp_neighbor: 192.168.103.14,PASS,
248,leaf3,BGP,ip bgp peer state established (ipv4),bgp_neighbor: 192.168.103.16,PASS,
249,leaf4,BGP,ip bgp peer state established (ipv4),bgp_neighbor: 10.255.251.4,PASS,
250,leaf4,BGP,ip bgp peer state established (ipv4),bgp_neighbor: 192.168.103.18,PASS,
251,leaf4,BGP,ip bgp peer state established (ipv4),bgp_neighbor: 192.168.103.20,PASS,
252,leaf4,BGP,ip bgp peer state established (ipv4),bgp_neighbor: 192.168.103.22,PASS,
253,spine1,BGP,ip bgp peer state established (ipv4),bgp_neighbor: 192.168.103.1,PASS,
254,spine1,BGP,ip bgp peer state established (ipv4),bgp_neighbor: 192.168.103.7,PASS,
255,spine1,BGP,ip bgp peer state established (ipv4),bgp_neighbor: 192.168.103.13,PASS,
256,spine1,BGP,ip bgp peer state established (ipv4),bgp_neighbor: 192.168.103.19,PASS,
257,spine1,BGP,ip bgp peer state established (ipv4),bgp_neighbor: 192.168.103.25,PASS,
258,spine1,BGP,ip bgp peer state established (ipv4),bgp_neighbor: 192.168.103.31,PASS,
259,spine2,BGP,ip bgp peer state established (ipv4),bgp_neighbor: 192.168.103.3,PASS,
260,spine2,BGP,ip bgp peer state established (ipv4),bgp_neighbor: 192.168.103.9,PASS,
261,spine2,BGP,ip bgp peer state established (ipv4),bgp_neighbor: 192.168.103.15,PASS,
262,spine2,BGP,ip bgp peer state established (ipv4),bgp_neighbor: 192.168.103.21,PASS,
263,spine2,BGP,ip bgp peer state established (ipv4),bgp_neighbor: 192.168.103.27,PASS,
264,spine2,BGP,ip bgp peer state established (ipv4),bgp_neighbor: 192.168.103.33,PASS,
265,spine3,BGP,ip bgp peer state established (ipv4),bgp_neighbor: 192.168.103.5,PASS,
266,spine3,BGP,ip bgp peer state established (ipv4),bgp_neighbor: 192.168.103.11,PASS,
267,spine3,BGP,ip bgp peer state established (ipv4),bgp_neighbor: 192.168.103.17,PASS,
268,spine3,BGP,ip bgp peer state established (ipv4),bgp_neighbor: 192.168.103.23,PASS,
269,spine3,BGP,ip bgp peer state established (ipv4),bgp_neighbor: 192.168.103.29,PASS,
270,spine3,BGP,ip bgp peer state established (ipv4),bgp_neighbor: 192.168.103.35,PASS,
271,borderleaf1,BGP,bgp evpn peer state established (evpn),bgp_neighbor: 192.168.101.11,PASS,
272,borderleaf1,BGP,bgp evpn peer state established (evpn),bgp_neighbor: 192.168.101.12,PASS,
273,borderleaf1,BGP,bgp evpn peer state established (evpn),bgp_neighbor: 192.168.101.13,PASS,
274,borderleaf2,BGP,bgp evpn peer state established (evpn),bgp_neighbor: 192.168.101.11,PASS,
275,borderleaf2,BGP,bgp evpn peer state established (evpn),bgp_neighbor: 192.168.101.12,PASS,
276,borderleaf2,BGP,bgp evpn peer state established (evpn),bgp_neighbor: 192.168.101.13,PASS,
277,leaf1,BGP,bgp evpn peer state established (evpn),bgp_neighbor: 192.168.101.11,PASS,
278,leaf1,BGP,bgp evpn peer state established (evpn),bgp_neighbor: 192.168.101.12,PASS,
279,leaf1,BGP,bgp evpn peer state established (evpn),bgp_neighbor: 192.168.101.13,PASS,
280,leaf2,BGP,bgp evpn peer state established (evpn),bgp_neighbor: 192.168.101.11,PASS,
281,leaf2,BGP,bgp evpn peer state established (evpn),bgp_neighbor: 192.168.101.12,PASS,
282,leaf2,BGP,bgp evpn peer state established (evpn),bgp_neighbor: 192.168.101.13,PASS,
283,leaf3,BGP,bgp evpn peer state established (evpn),bgp_neighbor: 192.168.101.11,PASS,
284,leaf3,BGP,bgp evpn peer state established (evpn),bgp_neighbor: 192.168.101.12,PASS,
285,leaf3,BGP,bgp evpn peer state established (evpn),bgp_neighbor: 192.168.101.13,PASS,
286,leaf4,BGP,bgp evpn peer state established (evpn),bgp_neighbor: 192.168.101.11,PASS,
287,leaf4,BGP,bgp evpn peer state established (evpn),bgp_neighbor: 192.168.101.12,PASS,
288,leaf4,BGP,bgp evpn peer state established (evpn),bgp_neighbor: 192.168.101.13,PASS,
289,spine1,BGP,bgp evpn peer state established (evpn),bgp_neighbor: 192.168.101.5,PASS,
290,spine1,BGP,bgp evpn peer state established (evpn),bgp_neighbor: 192.168.101.6,PASS,
291,spine1,BGP,bgp evpn peer state established (evpn),bgp_neighbor: 192.168.101.1,PASS,
292,spine1,BGP,bgp evpn peer state established (evpn),bgp_neighbor: 192.168.101.2,PASS,
293,spine1,BGP,bgp evpn peer state established (evpn),bgp_neighbor: 192.168.101.3,PASS,
294,spine1,BGP,bgp evpn peer state established (evpn),bgp_neighbor: 192.168.101.4,PASS,
295,spine2,BGP,bgp evpn peer state established (evpn),bgp_neighbor: 192.168.101.5,PASS,
296,spine2,BGP,bgp evpn peer state established (evpn),bgp_neighbor: 192.168.101.6,PASS,
297,spine2,BGP,bgp evpn peer state established (evpn),bgp_neighbor: 192.168.101.1,PASS,
298,spine2,BGP,bgp evpn peer state established (evpn),bgp_neighbor: 192.168.101.2,PASS,
299,spine2,BGP,bgp evpn peer state established (evpn),bgp_neighbor: 192.168.101.3,PASS,
300,spine2,BGP,bgp evpn peer state established (evpn),bgp_neighbor: 192.168.101.4,PASS,
301,spine3,BGP,bgp evpn peer state established (evpn),bgp_neighbor: 192.168.101.5,PASS,
302,spine3,BGP,bgp evpn peer state established (evpn),bgp_neighbor: 192.168.101.6,PASS,
303,spine3,BGP,bgp evpn peer state established (evpn),bgp_neighbor: 192.168.101.1,PASS,
304,spine3,BGP,bgp evpn peer state established (evpn),bgp_neighbor: 192.168.101.2,PASS,
305,spine3,BGP,bgp evpn peer state established (evpn),bgp_neighbor: 192.168.101.3,PASS,
306,spine3,BGP,bgp evpn peer state established (evpn),bgp_neighbor: 192.168.101.4,PASS,
307,borderleaf1,Routing Table,Remote VTEP address,192.168.102.5,PASS,
308,borderleaf1,Routing Table,Remote VTEP address,192.168.102.1,PASS,
309,borderleaf1,Routing Table,Remote VTEP address,192.168.102.3,PASS,
310,borderleaf2,Routing Table,Remote VTEP address,192.168.102.5,PASS,
311,borderleaf2,Routing Table,Remote VTEP address,192.168.102.1,PASS,
312,borderleaf2,Routing Table,Remote VTEP address,192.168.102.3,PASS,
313,leaf1,Routing Table,Remote VTEP address,192.168.102.5,PASS,
314,leaf1,Routing Table,Remote VTEP address,192.168.102.1,PASS,
315,leaf1,Routing Table,Remote VTEP address,192.168.102.3,PASS,
316,leaf2,Routing Table,Remote VTEP address,192.168.102.5,PASS,
317,leaf2,Routing Table,Remote VTEP address,192.168.102.1,PASS,
318,leaf2,Routing Table,Remote VTEP address,192.168.102.3,PASS,
319,leaf3,Routing Table,Remote VTEP address,192.168.102.5,PASS,
320,leaf3,Routing Table,Remote VTEP address,192.168.102.1,PASS,
321,leaf3,Routing Table,Remote VTEP address,192.168.102.3,PASS,
322,leaf4,Routing Table,Remote VTEP address,192.168.102.5,PASS,
323,leaf4,Routing Table,Remote VTEP address,192.168.102.1,PASS,
324,leaf4,Routing Table,Remote VTEP address,192.168.102.3,PASS,
325,borderleaf1,Routing Table,Remote Lo0 address,192.168.101.5,PASS,
326,borderleaf1,Routing Table,Remote Lo0 address,192.168.101.6,PASS,
327,borderleaf1,Routing Table,Remote Lo0 address,192.168.101.1,PASS,
328,borderleaf1,Routing Table,Remote Lo0 address,192.168.101.2,PASS,
329,borderleaf1,Routing Table,Remote Lo0 address,192.168.101.3,PASS,
330,borderleaf1,Routing Table,Remote Lo0 address,192.168.101.4,PASS,
331,borderleaf1,Routing Table,Remote Lo0 address,192.168.101.11,PASS,
332,borderleaf1,Routing Table,Remote Lo0 address,192.168.101.12,PASS,
333,borderleaf1,Routing Table,Remote Lo0 address,192.168.101.13,PASS,
334,borderleaf2,Routing Table,Remote Lo0 address,192.168.101.5,PASS,
335,borderleaf2,Routing Table,Remote Lo0 address,192.168.101.6,PASS,
336,borderleaf2,Routing Table,Remote Lo0 address,192.168.101.1,PASS,
337,borderleaf2,Routing Table,Remote Lo0 address,192.168.101.2,PASS,
338,borderleaf2,Routing Table,Remote Lo0 address,192.168.101.3,PASS,
339,borderleaf2,Routing Table,Remote Lo0 address,192.168.101.4,PASS,
340,borderleaf2,Routing Table,Remote Lo0 address,192.168.101.11,PASS,
341,borderleaf2,Routing Table,Remote Lo0 address,192.168.101.12,PASS,
342,borderleaf2,Routing Table,Remote Lo0 address,192.168.101.13,PASS,
343,leaf1,Routing Table,Remote Lo0 address,192.168.101.5,PASS,
344,leaf1,Routing Table,Remote Lo0 address,192.168.101.6,PASS,
345,leaf1,Routing Table,Remote Lo0 address,192.168.101.1,PASS,
346,leaf1,Routing Table,Remote Lo0 address,192.168.101.2,PASS,
347,leaf1,Routing Table,Remote Lo0 address,192.168.101.3,PASS,
348,leaf1,Routing Table,Remote Lo0 address,192.168.101.4,PASS,
349,leaf1,Routing Table,Remote Lo0 address,192.168.101.11,PASS,
350,leaf1,Routing Table,Remote Lo0 address,192.168.101.12,PASS,
351,leaf1,Routing Table,Remote Lo0 address,192.168.101.13,PASS,
352,leaf2,Routing Table,Remote Lo0 address,192.168.101.5,PASS,
353,leaf2,Routing Table,Remote Lo0 address,192.168.101.6,PASS,
354,leaf2,Routing Table,Remote Lo0 address,192.168.101.1,PASS,
355,leaf2,Routing Table,Remote Lo0 address,192.168.101.2,PASS,
356,leaf2,Routing Table,Remote Lo0 address,192.168.101.3,PASS,
357,leaf2,Routing Table,Remote Lo0 address,192.168.101.4,PASS,
358,leaf2,Routing Table,Remote Lo0 address,192.168.101.11,PASS,
359,leaf2,Routing Table,Remote Lo0 address,192.168.101.12,PASS,
360,leaf2,Routing Table,Remote Lo0 address,192.168.101.13,PASS,
361,leaf3,Routing Table,Remote Lo0 address,192.168.101.5,PASS,
362,leaf3,Routing Table,Remote Lo0 address,192.168.101.6,PASS,
363,leaf3,Routing Table,Remote Lo0 address,192.168.101.1,PASS,
364,leaf3,Routing Table,Remote Lo0 address,192.168.101.2,PASS,
365,leaf3,Routing Table,Remote Lo0 address,192.168.101.3,PASS,
366,leaf3,Routing Table,Remote Lo0 address,192.168.101.4,PASS,
367,leaf3,Routing Table,Remote Lo0 address,192.168.101.11,PASS,
368,leaf3,Routing Table,Remote Lo0 address,192.168.101.12,PASS,
369,leaf3,Routing Table,Remote Lo0 address,192.168.101.13,PASS,
370,leaf4,Routing Table,Remote Lo0 address,192.168.101.5,PASS,
371,leaf4,Routing Table,Remote Lo0 address,192.168.101.6,PASS,
372,leaf4,Routing Table,Remote Lo0 address,192.168.101.1,PASS,
373,leaf4,Routing Table,Remote Lo0 address,192.168.101.2,PASS,
374,leaf4,Routing Table,Remote Lo0 address,192.168.101.3,PASS,
375,leaf4,Routing Table,Remote Lo0 address,192.168.101.4,PASS,
376,leaf4,Routing Table,Remote Lo0 address,192.168.101.11,PASS,
377,leaf4,Routing Table,Remote Lo0 address,192.168.101.12,PASS,
378,leaf4,Routing Table,Remote Lo0 address,192.168.101.13,PASS,
379,borderleaf1,Loopback0 Reachability,Loopback0 Reachability,Source: borderleaf1 - 192.168.101.5 Destination: 192.168.101.5,PASS,
380,borderleaf1,Loopback0 Reachability,Loopback0 Reachability,Source: borderleaf1 - 192.168.101.5 Destination: 192.168.101.6,PASS,
381,borderleaf1,Loopback0 Reachability,Loopback0 Reachability,Source: borderleaf1 - 192.168.101.5 Destination: 192.168.101.1,PASS,
382,borderleaf1,Loopback0 Reachability,Loopback0 Reachability,Source: borderleaf1 - 192.168.101.5 Destination: 192.168.101.2,PASS,
383,borderleaf1,Loopback0 Reachability,Loopback0 Reachability,Source: borderleaf1 - 192.168.101.5 Destination: 192.168.101.3,PASS,
384,borderleaf1,Loopback0 Reachability,Loopback0 Reachability,Source: borderleaf1 - 192.168.101.5 Destination: 192.168.101.4,PASS,
385,borderleaf1,Loopback0 Reachability,Loopback0 Reachability,Source: borderleaf1 - 192.168.101.5 Destination: 192.168.101.11,PASS,
386,borderleaf1,Loopback0 Reachability,Loopback0 Reachability,Source: borderleaf1 - 192.168.101.5 Destination: 192.168.101.12,PASS,
387,borderleaf1,Loopback0 Reachability,Loopback0 Reachability,Source: borderleaf1 - 192.168.101.5 Destination: 192.168.101.13,PASS,
388,borderleaf2,Loopback0 Reachability,Loopback0 Reachability,Source: borderleaf2 - 192.168.101.6 Destination: 192.168.101.5,PASS,
389,borderleaf2,Loopback0 Reachability,Loopback0 Reachability,Source: borderleaf2 - 192.168.101.6 Destination: 192.168.101.6,PASS,
390,borderleaf2,Loopback0 Reachability,Loopback0 Reachability,Source: borderleaf2 - 192.168.101.6 Destination: 192.168.101.1,PASS,
391,borderleaf2,Loopback0 Reachability,Loopback0 Reachability,Source: borderleaf2 - 192.168.101.6 Destination: 192.168.101.2,PASS,
392,borderleaf2,Loopback0 Reachability,Loopback0 Reachability,Source: borderleaf2 - 192.168.101.6 Destination: 192.168.101.3,PASS,
393,borderleaf2,Loopback0 Reachability,Loopback0 Reachability,Source: borderleaf2 - 192.168.101.6 Destination: 192.168.101.4,PASS,
394,borderleaf2,Loopback0 Reachability,Loopback0 Reachability,Source: borderleaf2 - 192.168.101.6 Destination: 192.168.101.11,PASS,
395,borderleaf2,Loopback0 Reachability,Loopback0 Reachability,Source: borderleaf2 - 192.168.101.6 Destination: 192.168.101.12,PASS,
396,borderleaf2,Loopback0 Reachability,Loopback0 Reachability,Source: borderleaf2 - 192.168.101.6 Destination: 192.168.101.13,PASS,
397,leaf1,Loopback0 Reachability,Loopback0 Reachability,Source: leaf1 - 192.168.101.1 Destination: 192.168.101.5,PASS,
398,leaf1,Loopback0 Reachability,Loopback0 Reachability,Source: leaf1 - 192.168.101.1 Destination: 192.168.101.6,PASS,
399,leaf1,Loopback0 Reachability,Loopback0 Reachability,Source: leaf1 - 192.168.101.1 Destination: 192.168.101.1,PASS,
400,leaf1,Loopback0 Reachability,Loopback0 Reachability,Source: leaf1 - 192.168.101.1 Destination: 192.168.101.2,PASS,
401,leaf1,Loopback0 Reachability,Loopback0 Reachability,Source: leaf1 - 192.168.101.1 Destination: 192.168.101.3,PASS,
402,leaf1,Loopback0 Reachability,Loopback0 Reachability,Source: leaf1 - 192.168.101.1 Destination: 192.168.101.4,PASS,
403,leaf1,Loopback0 Reachability,Loopback0 Reachability,Source: leaf1 - 192.168.101.1 Destination: 192.168.101.11,PASS,
404,leaf1,Loopback0 Reachability,Loopback0 Reachability,Source: leaf1 - 192.168.101.1 Destination: 192.168.101.12,PASS,
405,leaf1,Loopback0 Reachability,Loopback0 Reachability,Source: leaf1 - 192.168.101.1 Destination: 192.168.101.13,PASS,
406,leaf2,Loopback0 Reachability,Loopback0 Reachability,Source: leaf2 - 192.168.101.2 Destination: 192.168.101.5,PASS,
407,leaf2,Loopback0 Reachability,Loopback0 Reachability,Source: leaf2 - 192.168.101.2 Destination: 192.168.101.6,PASS,
408,leaf2,Loopback0 Reachability,Loopback0 Reachability,Source: leaf2 - 192.168.101.2 Destination: 192.168.101.1,PASS,
409,leaf2,Loopback0 Reachability,Loopback0 Reachability,Source: leaf2 - 192.168.101.2 Destination: 192.168.101.2,PASS,
410,leaf2,Loopback0 Reachability,Loopback0 Reachability,Source: leaf2 - 192.168.101.2 Destination: 192.168.101.3,PASS,
411,leaf2,Loopback0 Reachability,Loopback0 Reachability,Source: leaf2 - 192.168.101.2 Destination: 192.168.101.4,PASS,
412,leaf2,Loopback0 Reachability,Loopback0 Reachability,Source: leaf2 - 192.168.101.2 Destination: 192.168.101.11,PASS,
413,leaf2,Loopback0 Reachability,Loopback0 Reachability,Source: leaf2 - 192.168.101.2 Destination: 192.168.101.12,PASS,
414,leaf2,Loopback0 Reachability,Loopback0 Reachability,Source: leaf2 - 192.168.101.2 Destination: 192.168.101.13,PASS,
415,leaf3,Loopback0 Reachability,Loopback0 Reachability,Source: leaf3 - 192.168.101.3 Destination: 192.168.101.5,PASS,
416,leaf3,Loopback0 Reachability,Loopback0 Reachability,Source: leaf3 - 192.168.101.3 Destination: 192.168.101.6,PASS,
417,leaf3,Loopback0 Reachability,Loopback0 Reachability,Source: leaf3 - 192.168.101.3 Destination: 192.168.101.1,PASS,
418,leaf3,Loopback0 Reachability,Loopback0 Reachability,Source: leaf3 - 192.168.101.3 Destination: 192.168.101.2,PASS,
419,leaf3,Loopback0 Reachability,Loopback0 Reachability,Source: leaf3 - 192.168.101.3 Destination: 192.168.101.3,PASS,
420,leaf3,Loopback0 Reachability,Loopback0 Reachability,Source: leaf3 - 192.168.101.3 Destination: 192.168.101.4,PASS,
421,leaf3,Loopback0 Reachability,Loopback0 Reachability,Source: leaf3 - 192.168.101.3 Destination: 192.168.101.11,PASS,
422,leaf3,Loopback0 Reachability,Loopback0 Reachability,Source: leaf3 - 192.168.101.3 Destination: 192.168.101.12,PASS,
423,leaf3,Loopback0 Reachability,Loopback0 Reachability,Source: leaf3 - 192.168.101.3 Destination: 192.168.101.13,PASS,
424,leaf4,Loopback0 Reachability,Loopback0 Reachability,Source: leaf4 - 192.168.101.4 Destination: 192.168.101.5,PASS,
425,leaf4,Loopback0 Reachability,Loopback0 Reachability,Source: leaf4 - 192.168.101.4 Destination: 192.168.101.6,PASS,
426,leaf4,Loopback0 Reachability,Loopback0 Reachability,Source: leaf4 - 192.168.101.4 Destination: 192.168.101.1,PASS,
427,leaf4,Loopback0 Reachability,Loopback0 Reachability,Source: leaf4 - 192.168.101.4 Destination: 192.168.101.2,PASS,
428,leaf4,Loopback0 Reachability,Loopback0 Reachability,Source: leaf4 - 192.168.101.4 Destination: 192.168.101.3,PASS,
429,leaf4,Loopback0 Reachability,Loopback0 Reachability,Source: leaf4 - 192.168.101.4 Destination: 192.168.101.4,PASS,
430,leaf4,Loopback0 Reachability,Loopback0 Reachability,Source: leaf4 - 192.168.101.4 Destination: 192.168.101.11,PASS,
431,leaf4,Loopback0 Reachability,Loopback0 Reachability,Source: leaf4 - 192.168.101.4 Destination: 192.168.101.12,PASS,
432,leaf4,Loopback0 Reachability,Loopback0 Reachability,Source: leaf4 - 192.168.101.4 Destination: 192.168.101.13,PASS,
